mentor_id,institute_id,name,gender,email,phone,department,experience_years,qualification,assigned_students
MEN_INST_001_001,INST_001,Sanjay Mondal,Male,sanjay28@yahoo.com,+91-8163794026,Computer Science,9,M.Ed,85
MEN_INST_001_002,INST_001,Samar Raman,Male,samar.raman@rediffmail.com,+91-9555940781,Physics,3,Ph.D,85
MEN_INST_001_003,INST_001,Kriti Kar,Female,kriti_kar@hotmail.com,+91-9210341316,Social Studies,15,M.A.,85
MEN_INST_001_004,INST_001,Vikram Venkatesh,Male,vikram_venkatesh@yahoo.co.in,+91-9692832764,Economics,23,Ph.D,85
MEN_INST_001_005,INST_001,Shivansh Pillai,Male,shivansh.pillai@yahoo.com,+91-9756413953,Economics,16,M.Sc.,85
MEN_INST_001_006,INST_001,Aarohi Desai,Female,aarohidesai@yahoo.co.in,+91-8184969653,English,17,M.Sc.,85
MEN_INST_001_007,INST_001,Samar Mishra,Male,samar.mishra@yahoo.com,+91-9369166978,Social Studies,18,B.Ed,85
MEN_INST_001_008,INST_001,Shivansh Saha,Male,shivansh_saha@yahoo.co.in,+91-8814627048,English,17,B.Ed,85
MEN_INST_001_009,INST_001,Kriti Mukherjee,Female,kritimukherjee@yahoo.com,+91-8728809570,Science,12,M.A.,85
MEN_INST_001_010,INST_001,Vihaan Patel,Male,vihaan900@gmail.com,+91-9671822782,Social Studies,17,Ph.D,85
MEN_INST_001_011,INST_001,Meera Dutta,Female,meeradutta@yahoo.co.in,+91-8965787133,Science,11,B.Ed,85
MEN_INST_001_012,INST_001,Dev Mathur,Male,dev.mathur@yahoo.co.in,+91-9731051834,Economics,16,M.Ed,85
MEN_INST_001_013,INST_001,Advait Chowdhury,Male,achowdhury@yahoo.com,+91-8363116566,Chemistry,24,B.Ed,85
MEN_INST_001_014,INST_001,Vihaan Kulkarni,Male,vihaan_kulkarni@gmail.com,+91-9133872624,Chemistry,8,B.Ed,85
MEN_INST_001_015,INST_001,Sana Bhatia,Female,sana52@gmail.com,+91-9632677360,English,13,B.Ed,85
MEN_INST_001_016,INST_001,Sunita Pawar,Female,spawar@yahoo.co.in,+91-8172343098,Mathematics,24,M.A.,85
MEN_INST_001_017,INST_001,Vihaan Biswas,Male,vihaan489@hotmail.com,+91-9308121913,Physics,4,Ph.D,85
MEN_INST_001_018,INST_001,Dev Mandal,Male,dev41@gmail.com,+91-8599854353,Social Studies,13,M.Ed,85
MEN_INST_001_019,INST_001,Manisha Krishnan,Female,manisha.krishnan@gmail.com,+91-8499118384,English,12,B.Ed,85
MEN_INST_001_020,INST_001,Vikram Rao,Male,vrao@hotmail.com,+91-8998084124,Science,4,Ph.D,85
MEN_INST_001_021,INST_001,Karan Rao,Male,karanrao@yahoo.co.in,+91-8834874016,Social Studies,2,B.Ed,85
MEN_INST_001_022,INST_001,Pihu Goel,Female,pihu_goel@yahoo.com,+91-8486801128,Mathematics,12,Ph.D,85
MEN_INST_001_023,INST_001,Akash Goel,Male,akash_goel@outlook.com,+91-9753315869,Accountancy,5,M.Ed,85
MEN_INST_001_024,INST_001,Atharv Joshi,Male,atharvjoshi@yahoo.co.in,+91-8863421607,Hindi,7,M.Sc.,45
